Alex Guarnaschelli - guarnaschelli
Alice Waters - AliceWaters
Alton Brown - altonbrown
Ana Ros - anaros40
Anne Sophie Pic - AnneSophiePic
Amanda Freitag - amandafreitag
Andrew Zimmern - andrewzimmern
Antonio Carluccio - CookCarluccio
Bobby Chinn - BobbyChinn
Bobby Flay - bflay
Bjorn Frantzén - bjornfrantzen
Cat Cora - catcora
Claude Bosi - claudebosi
Curtis Stone - CurtisStone
Dan Barber - DanBarber
David Lebovitz - davidlebovitz
Dominique Crenn - dominiquecrenn
Emeril Lagasse - Emeril
Enrique Olvera - enriqueolvera
Eric Ripert - ericripert
Fabio Viviani - fabioviviani
Giada De Laurentiis - GDeLaurentiis
Gordon Ramsay - GordonRamsay
Grant Achatz - Gachatz
Isaac Mchale - IsaacMcHale
James Lowe - lowejames
Jamie Oliver - jamieoliver
Jonnie Boer - delibrije
Ludo Lefebvre - chefludo
Marcus Samuelsson - MarcusCooks
Marcus Wareing - marcuswareing
Mario Batali - Mariobatali
Massimo Bottura - massimobottura
Mauro Colgreco - maurocolagreco
Michael Symon - chefsymon
Rene Redzepi - ReneRedzepiNoma
Rick Bayless - Rick_Bayless
Tom Colicchio - tomcolicchio
Tyler Florence - TylerFlorence
Thomas Keller - Chef_Keller
Wolfgang Puck - WolfgangPuck
Virgilio Martinez - VirgilioCentral
